Student_ID,Course_ID,Date,Time_Spent_Minutes,Completion_Percentage,Rating,Feedback_Text,Name,Age,Gender,Location,Enrolment_Date
S001,PY202,2024-01-05,90,46.1,3.0081967213114753,No Feedback,Student_1,24,Female,Kolkata,2023-11-24
S001,DM101,2024-01-28,155,88.87,3.0081967213114753,No Feedback,Student_1,24,Female,Kolkata,2023-11-24
S001,UX303,2024-01-28,177,54.93,3.0081967213114753,No Feedback,Student_1,24,Female,Kolkata,2023-11-24
S002,PY202,2024-02-03,45,32.2,3.0,Well structured,Student_2,32,Other,Chennai,2023-02-27
S002,UX303,2024-03-15,119,90.8,3.0081967213114753,No Feedback,Student_2,32,Other,Chennai,2023-02-27
S002,WD404,2024-02-16,66,99.76,3.0081967213114753,No Feedback,Student_2,32,Other,Chennai,2023-02-27
S002,PY202,2024-03-06,136,18.18,3.0,Well structured,Student_2,32,Other,Chennai,2023-02-27
S002,DM101,2024-01-15,49,66.47,3.0081967213114753,No Feedback,Student_2,32,Other,Chennai,2023-02-27
S002,WD404,2024-03-17,26,44.63,3.0081967213114753,No Feedback,Student_2,32,Other,Chennai,2023-02-27
S002,WD404,2024-03-08,74,97.4,3.0081967213114753,No Feedback,Student_2,32,Other,Chennai,2023-02-27
S002,DM101,2024-03-28,39,71.35,3.0081967213114753,No Feedback,Student_2,32,Other,Chennai,2023-02-27
S002,UX303,2024-03-23,97,20.04,3.0081967213114753,No Feedback,Student_2,32,Other,Chennai,2023-02-27
S002,WD404,2024-01-21,126,10.29,3.0081967213114753,No Feedback,Student_2,32,Other,Chennai,2023-02-27
S003,PY202,2024-03-05,37,88.35,3.0081967213114753,No Feedback,Student_3,28,Other,Mumbai,2023-01-13
S003,UX303,2024-03-22,139,64.81,3.0081967213114753,No Feedback,Student_3,28,Other,Mumbai,2023-01-13
S003,PY202,2024-02-17,51,58.54,3.0081967213114753,No Feedback,Student_3,28,Other,Mumbai,2023-01-13
S003,DM101,2024-03-17,92,53.97,3.0081967213114753,No Feedback,Student_3,28,Other,Mumbai,2023-01-13
S003,DM101,2024-02-16,88,31.55,3.0081967213114753,No Feedback,Student_3,28,Other,Mumbai,2023-01-13
S003,PY202,2024-03-13,30,17.71,3.0081967213114753,No Feedback,Student_3,28,Other,Mumbai,2023-01-13
S003,WD404,2024-01-09,146,78.93,3.0081967213114753,No Feedback,Student_3,28,Other,Mumbai,2023-01-13
S004,WD404,2024-03-11,52,33.86,3.0081967213114753,No Feedback,Student_4,25,Female,Bangalore,2023-05-21
S004,WD404,2024-01-28,148,77.97,3.0081967213114753,No Feedback,Student_4,25,Female,Bangalore,2023-05-21
S004,PY202,2024-02-09,112,99.56,3.0081967213114753,No Feedback,Student_4,25,Female,Bangalore,2023-05-21
S004,UX303,2024-02-26,142,50.63,3.0081967213114753,No Feedback,Student_4,25,Female,Bangalore,2023-05-21
S004,PY202,2024-01-29,26,40.43,3.0081967213114753,No Feedback,Student_4,25,Female,Bangalore,2023-05-21
S005,PY202,2024-01-01,28,73.71,3.0081967213114753,No Feedback,Student_5,24,Other,Delhi,2023-05-06
S005,DM101,2024-01-30,27,91.49,4.0,Loved the examples,Student_5,24,Other,Delhi,2023-05-06
S005,UX303,2024-01-10,141,31.42,3.0081967213114753,No Feedback,Student_5,24,Other,Delhi,2023-05-06
S005,WD404,2024-01-28,148,21.91,3.0081967213114753,No Feedback,Student_5,24,Other,Delhi,2023-05-06
S005,WD404,2024-02-01,131,82.67,3.0081967213114753,No Feedback,Student_5,24,Other,Delhi,2023-05-06
S005,PY202,2024-01-13,34,69.31,3.0081967213114753,No Feedback,Student_5,24,Other,Delhi,2023-05-06
S006,WD404,2024-02-22,129,87.75,3.0081967213114753,No Feedback,Student_6,28,Other,Delhi,2023-04-25
S006,DM101,2024-03-27,177,98.57,1.0,Loved the examples,Student_6,28,Other,Delhi,2023-04-25
S006,DM101,2024-01-08,113,75.54,1.0,Loved the examples,Student_6,28,Other,Delhi,2023-04-25
S006,DM101,2024-02-01,59,27.12,1.0,Loved the examples,Student_6,28,Other,Delhi,2023-04-25
S006,WD404,2024-01-18,118,26.51,3.0081967213114753,No Feedback,Student_6,28,Other,Delhi,2023-04-25
S006,WD404,2024-02-01,29,49.88,3.0081967213114753,No Feedback,Student_6,28,Other,Delhi,2023-04-25
S006,DM101,2024-01-07,176,99.94,1.0,Loved the examples,Student_6,28,Other,Delhi,2023-04-25
S006,DM101,2024-01-12,70,24.97,1.0,Loved the examples,Student_6,28,Other,Delhi,2023-04-25
S007,WD404,2024-01-28,112,91.22,3.0081967213114753,No Feedback,Student_7,28,Male,Chennai,2023-03-13
S007,PY202,2024-02-18,10,98.68,3.0081967213114753,No Feedback,Student_7,28,Male,Chennai,2023-03-13
S007,UX303,2024-02-28,83,48.07,3.0081967213114753,No Feedback,Student_7,28,Male,Chennai,2023-03-13
S007,WD404,2024-01-20,58,36.7,3.0081967213114753,No Feedback,Student_7,28,Male,Chennai,2023-03-13
S007,DM101,2024-03-15,148,15.49,3.0081967213114753,No Feedback,Student_7,28,Male,Chennai,2023-03-13
S007,UX303,2024-01-08,22,62.58,3.0081967213114753,No Feedback,Student_7,28,Male,Chennai,2023-03-13
S007,PY202,2024-01-08,140,17.21,3.0081967213114753,No Feedback,Student_7,28,Male,Chennai,2023-03-13
S007,PY202,2024-01-09,162,16.12,3.0081967213114753,No Feedback,Student_7,28,Male,Chennai,2023-03-13
S007,PY202,2024-02-21,40,94.74,3.0081967213114753,No Feedback,Student_7,28,Male,Chennai,2023-03-13
S007,PY202,2024-03-15,162,13.58,3.0081967213114753,No Feedback,Student_7,28,Male,Chennai,2023-03-13
S008,WD404,2024-03-25,159,60.87,3.0081967213114753,No Feedback,Student_8,21,Other,Bangalore,2023-02-22
S008,UX303,2024-02-03,62,70.28,3.0081967213114753,No Feedback,Student_8,21,Other,Bangalore,2023-02-22
S008,UX303,2024-01-31,77,45.62,3.0081967213114753,No Feedback,Student_8,21,Other,Bangalore,2023-02-22
S008,UX303,2024-02-28,90,93.61,3.0081967213114753,No Feedback,Student_8,21,Other,Bangalore,2023-02-22
S009,DM101,2024-02-28,169,99.86,3.0081967213114753,No Feedback,Student_9,25,Other,Kolkata,2023-12-13
S009,DM101,2024-01-10,147,29.18,3.0081967213114753,No Feedback,Student_9,25,Other,Kolkata,2023-12-13
S009,UX303,2024-01-17,99,89.28,4.0,Well structured,Student_9,25,Other,Kolkata,2023-12-13
S009,PY202,2024-02-17,82,24.2,3.0081967213114753,No Feedback,Student_9,25,Other,Kolkata,2023-12-13
S010,DM101,2024-03-26,151,36.94,3.0081967213114753,No Feedback,Student_10,20,Female,Bangalore,2023-10-07
S010,DM101,2024-01-18,77,20.39,3.0081967213114753,No Feedback,Student_10,20,Female,Bangalore,2023-10-07
S010,DM101,2024-03-11,49,34.51,3.0081967213114753,No Feedback,Student_10,20,Female,Bangalore,2023-10-07
S010,PY202,2024-02-13,62,71.87,3.0081967213114753,No Feedback,Student_10,20,Female,Bangalore,2023-10-07
S010,UX303,2024-03-05,135,32.6,3.0081967213114753,No Feedback,Student_10,20,Female,Bangalore,2023-10-07
S010,DM101,2024-01-12,172,48.12,3.0081967213114753,No Feedback,Student_10,20,Female,Bangalore,2023-10-07
S010,UX303,2024-01-06,10,40.02,3.0081967213114753,No Feedback,Student_10,20,Female,Bangalore,2023-10-07
S011,UX303,2024-01-21,123,59.65,3.0081967213114753,No Feedback,Student_11,19,Female,Chennai,2023-02-14
S011,WD404,2024-03-12,12,20.07,3.0081967213114753,No Feedback,Student_11,19,Female,Chennai,2023-02-14
S011,PY202,2024-03-10,19,85.11,5.0,Needs improvement,Student_11,19,Female,Chennai,2023-02-14
S011,PY202,2024-02-25,42,13.76,5.0,Needs improvement,Student_11,19,Female,Chennai,2023-02-14
S011,UX303,2024-01-06,101,28.91,3.0081967213114753,No Feedback,Student_11,19,Female,Chennai,2023-02-14
S012,DM101,2024-02-15,153,89.57,3.0081967213114753,No Feedback,Student_12,29,Male,Chennai,2023-10-30
S012,WD404,2024-03-20,49,93.32,3.0081967213114753,No Feedback,Student_12,29,Male,Chennai,2023-10-30
S012,PY202,2024-01-21,55,89.33,3.0081967213114753,No Feedback,Student_12,29,Male,Chennai,2023-10-30
S012,DM101,2024-01-23,95,80.41,3.0081967213114753,No Feedback,Student_12,29,Male,Chennai,2023-10-30
S012,WD404,2024-03-26,73,34.01,3.0081967213114753,No Feedback,Student_12,29,Male,Chennai,2023-10-30
S012,DM101,2024-02-18,19,87.27,3.0081967213114753,No Feedback,Student_12,29,Male,Chennai,2023-10-30
S013,PY202,2024-02-28,99,37.47,3.0081967213114753,No Feedback,Student_13,23,Other,Bangalore,2023-08-05
S013,PY202,2024-01-29,16,69.4,3.0081967213114753,No Feedback,Student_13,23,Other,Bangalore,2023-08-05
S013,WD404,2024-02-12,81,87.79,3.0081967213114753,No Feedback,Student_13,23,Other,Bangalore,2023-08-05
S013,UX303,2024-02-14,174,55.85,3.0081967213114753,No Feedback,Student_13,23,Other,Bangalore,2023-08-05
S013,UX303,2024-01-04,39,88.93,3.0081967213114753,No Feedback,Student_13,23,Other,Bangalore,2023-08-05
S013,UX303,2024-01-23,158,96.63,3.0081967213114753,No Feedback,Student_13,23,Other,Bangalore,2023-08-05
S014,DM101,2024-01-14,162,49.11,3.0081967213114753,No Feedback,Student_14,19,Other,Chennai,2023-01-17
S014,UX303,2024-02-25,165,98.58,2.0,Excellent instructor,Student_14,19,Other,Chennai,2023-01-17
S014,DM101,2024-02-19,157,27.11,3.0081967213114753,No Feedback,Student_14,19,Other,Chennai,2023-01-17
S014,DM101,2024-03-31,121,10.15,3.0081967213114753,No Feedback,Student_14,19,Other,Chennai,2023-01-17
S014,PY202,2024-02-16,120,16.3,3.0081967213114753,No Feedback,Student_14,19,Other,Chennai,2023-01-17
S014,UX303,2024-03-20,90,69.7,2.0,Excellent instructor,Student_14,19,Other,Chennai,2023-01-17
S014,DM101,2024-02-08,139,37.84,3.0081967213114753,No Feedback,Student_14,19,Other,Chennai,2023-01-17
S015,UX303,2024-02-21,85,59.9,3.0081967213114753,No Feedback,Student_15,18,Other,Bangalore,2023-01-16
S015,PY202,2024-02-23,180,94.63,3.0081967213114753,No Feedback,Student_15,18,Other,Bangalore,2023-01-16
S015,PY202,2024-03-19,155,37.09,3.0081967213114753,No Feedback,Student_15,18,Other,Bangalore,2023-01-16
S015,DM101,2024-02-08,83,28.92,3.0,Needs improvement,Student_15,18,Other,Bangalore,2023-01-16
S015,UX303,2024-02-29,123,49.79,3.0081967213114753,No Feedback,Student_15,18,Other,Bangalore,2023-01-16
S015,PY202,2024-03-06,131,81.44,3.0081967213114753,No Feedback,Student_15,18,Other,Bangalore,2023-01-16
S015,PY202,2024-03-25,31,35.54,3.0081967213114753,No Feedback,Student_15,18,Other,Bangalore,2023-01-16
S015,UX303,2024-01-12,70,70.55,3.0081967213114753,No Feedback,Student_15,18,Other,Bangalore,2023-01-16
S015,PY202,2024-01-26,47,12.2,3.0081967213114753,No Feedback,Student_15,18,Other,Bangalore,2023-01-16
S016,WD404,2024-03-19,28,50.99,3.0081967213114753,No Feedback,Student_16,29,Male,Mumbai,2023-02-17
S016,PY202,2024-03-30,108,54.49,3.0081967213114753,No Feedback,Student_16,29,Male,Mumbai,2023-02-17
S016,PY202,2024-01-19,177,71.89,3.0081967213114753,No Feedback,Student_16,29,Male,Mumbai,2023-02-17
S016,DM101,2024-02-24,66,25.83,3.0,Loved the examples,Student_16,29,Male,Mumbai,2023-02-17
S016,WD404,2024-01-07,152,32.43,3.0081967213114753,No Feedback,Student_16,29,Male,Mumbai,2023-02-17
S016,DM101,2024-02-28,44,82.13,3.0,Loved the examples,Student_16,29,Male,Mumbai,2023-02-17
S017,WD404,2024-03-19,139,48.41,3.0081967213114753,No Feedback,Student_17,29,Male,Bangalore,2023-04-22
S017,WD404,2024-01-21,131,50.51,3.0081967213114753,No Feedback,Student_17,29,Male,Bangalore,2023-04-22
S017,PY202,2024-03-22,80,78.92,5.0,Great course!,Student_17,29,Male,Bangalore,2023-04-22
S017,WD404,2024-03-21,71,34.71,3.0081967213114753,No Feedback,Student_17,29,Male,Bangalore,2023-04-22
S017,DM101,2024-02-06,70,34.45,3.0081967213114753,No Feedback,Student_17,29,Male,Bangalore,2023-04-22
S017,UX303,2024-03-10,30,22.45,3.0081967213114753,No Feedback,Student_17,29,Male,Bangalore,2023-04-22
S017,PY202,2024-02-19,49,73.58,5.0,Great course!,Student_17,29,Male,Bangalore,2023-04-22
S017,DM101,2024-02-23,114,39.78,3.0081967213114753,No Feedback,Student_17,29,Male,Bangalore,2023-04-22
S018,WD404,2024-01-08,62,84.96,3.0081967213114753,No Feedback,Student_18,34,Female,Bangalore,2023-04-30
S018,WD404,2024-03-15,15,87.11,3.0081967213114753,No Feedback,Student_18,34,Female,Bangalore,2023-04-30
S018,WD404,2024-03-02,11,94.85,3.0081967213114753,No Feedback,Student_18,34,Female,Bangalore,2023-04-30
S018,UX303,2024-02-19,117,58.44,3.0081967213114753,No Feedback,Student_18,34,Female,Bangalore,2023-04-30
S018,PY202,2024-03-03,66,34.56,3.0,Too fast-paced,Student_18,34,Female,Bangalore,2023-04-30
S018,WD404,2024-01-04,109,40.25,3.0081967213114753,No Feedback,Student_18,34,Female,Bangalore,2023-04-30
S018,WD404,2024-01-22,129,92.76,3.0081967213114753,No Feedback,Student_18,34,Female,Bangalore,2023-04-30
S018,DM101,2024-02-20,161,60.8,3.0081967213114753,No Feedback,Student_18,34,Female,Bangalore,2023-04-30
S018,DM101,2024-01-11,174,48.58,3.0081967213114753,No Feedback,Student_18,34,Female,Bangalore,2023-04-30
S018,WD404,2024-01-24,22,33.41,3.0081967213114753,No Feedback,Student_18,34,Female,Bangalore,2023-04-30
S019,PY202,2024-02-28,93,40.38,3.0081967213114753,No Feedback,Student_19,27,Male,Chennai,2023-09-16
S019,WD404,2024-02-05,117,32.7,3.0081967213114753,No Feedback,Student_19,27,Male,Chennai,2023-09-16
S019,DM101,2024-03-01,14,77.41,3.0081967213114753,No Feedback,Student_19,27,Male,Chennai,2023-09-16
S019,DM101,2024-02-14,67,68.51,3.0081967213114753,No Feedback,Student_19,27,Male,Chennai,2023-09-16
S019,DM101,2024-01-04,73,27.94,3.0081967213114753,No Feedback,Student_19,27,Male,Chennai,2023-09-16
S019,DM101,2024-03-20,49,31.47,3.0081967213114753,No Feedback,Student_19,27,Male,Chennai,2023-09-16
S019,WD404,2024-03-26,39,60.76,3.0081967213114753,No Feedback,Student_19,27,Male,Chennai,2023-09-16
S019,PY202,2024-02-29,75,79.02,3.0081967213114753,No Feedback,Student_19,27,Male,Chennai,2023-09-16
S020,DM101,2024-01-21,89,19.73,3.0081967213114753,No Feedback,Student_20,33,Other,Chennai,2023-11-05
S020,DM101,2024-02-09,157,70.96,3.0081967213114753,No Feedback,Student_20,33,Other,Chennai,2023-11-05
S020,WD404,2024-02-20,60,16.84,3.0081967213114753,No Feedback,Student_20,33,Other,Chennai,2023-11-05
S020,PY202,2024-01-14,87,86.53,3.0081967213114753,No Feedback,Student_20,33,Other,Chennai,2023-11-05
S020,DM101,2024-03-13,20,41.25,3.0081967213114753,No Feedback,Student_20,33,Other,Chennai,2023-11-05
S021,UX303,2024-01-09,139,68.28,4.0,Needs improvement,Student_21,32,Other,Delhi,2023-01-14
S021,DM101,2024-02-23,135,19.5,3.0081967213114753,No Feedback,Student_21,32,Other,Delhi,2023-01-14
S021,UX303,2024-03-22,127,73.66,4.0,Needs improvement,Student_21,32,Other,Delhi,2023-01-14
S021,WD404,2024-01-23,143,96.89,3.0081967213114753,No Feedback,Student_21,32,Other,Delhi,2023-01-14
S021,UX303,2024-03-19,147,79.72,4.0,Needs improvement,Student_21,32,Other,Delhi,2023-01-14
S021,WD404,2024-02-25,161,34.16,3.0081967213114753,No Feedback,Student_21,32,Other,Delhi,2023-01-14
S021,PY202,2024-01-12,81,89.35,3.0081967213114753,No Feedback,Student_21,32,Other,Delhi,2023-01-14
S021,PY202,2024-02-29,155,64.93,3.0081967213114753,No Feedback,Student_21,32,Other,Delhi,2023-01-14
S021,WD404,2024-02-13,17,54.49,3.0081967213114753,No Feedback,Student_21,32,Other,Delhi,2023-01-14
S022,PY202,2024-03-03,64,41.93,4.0,Could be better,Student_22,32,Male,Delhi,2023-10-15
S022,UX303,2024-02-13,81,89.23,3.0081967213114753,No Feedback,Student_22,32,Male,Delhi,2023-10-15
S022,UX303,2024-03-12,12,56.5,3.0081967213114753,No Feedback,Student_22,32,Male,Delhi,2023-10-15
S022,PY202,2024-01-11,71,74.81,4.0,Could be better,Student_22,32,Male,Delhi,2023-10-15
S022,WD404,2024-03-12,71,72.15,3.0081967213114753,No Feedback,Student_22,32,Male,Delhi,2023-10-15
S022,WD404,2024-02-27,14,18.37,3.0081967213114753,No Feedback,Student_22,32,Male,Delhi,2023-10-15
S022,PY202,2024-02-21,72,37.56,4.0,Could be better,Student_22,32,Male,Delhi,2023-10-15
S022,UX303,2024-03-01,151,57.78,3.0081967213114753,No Feedback,Student_22,32,Male,Delhi,2023-10-15
S023,UX303,2024-02-15,126,34.38,3.0081967213114753,No Feedback,Student_23,29,Other,Mumbai,2023-04-12
S023,UX303,2024-01-30,40,74.92,3.0081967213114753,No Feedback,Student_23,29,Other,Mumbai,2023-04-12
S023,UX303,2024-01-16,147,95.58,3.0081967213114753,No Feedback,Student_23,29,Other,Mumbai,2023-04-12
S023,PY202,2024-01-25,65,76.47,1.0,Excellent instructor,Student_23,29,Other,Mumbai,2023-04-12
S023,UX303,2024-03-16,144,63.71,3.0081967213114753,No Feedback,Student_23,29,Other,Mumbai,2023-04-12
S023,DM101,2024-01-25,85,30.47,3.0081967213114753,No Feedback,Student_23,29,Other,Mumbai,2023-04-12
S023,PY202,2024-02-08,13,73.72,1.0,Excellent instructor,Student_23,29,Other,Mumbai,2023-04-12
S023,PY202,2024-02-05,21,97.69,1.0,Excellent instructor,Student_23,29,Other,Mumbai,2023-04-12
S023,UX303,2024-03-30,42,67.41,3.0081967213114753,No Feedback,Student_23,29,Other,Mumbai,2023-04-12
S024,DM101,2024-01-02,156,35.59,3.0081967213114753,No Feedback,Student_24,20,Other,Delhi,2023-11-29
S024,WD404,2024-02-26,97,26.59,3.0081967213114753,No Feedback,Student_24,20,Other,Delhi,2023-11-29
S024,DM101,2024-02-02,132,20.27,3.0081967213114753,No Feedback,Student_24,20,Other,Delhi,2023-11-29
S024,DM101,2024-02-21,135,16.67,3.0081967213114753,No Feedback,Student_24,20,Other,Delhi,2023-11-29
S024,DM101,2024-01-20,48,83.0,3.0081967213114753,No Feedback,Student_24,20,Other,Delhi,2023-11-29
S024,UX303,2024-01-11,73,20.66,3.0081967213114753,No Feedback,Student_24,20,Other,Delhi,2023-11-29
S024,WD404,2024-03-18,162,81.17,3.0081967213114753,No Feedback,Student_24,20,Other,Delhi,2023-11-29
S024,PY202,2024-03-07,107,50.55,3.0081967213114753,No Feedback,Student_24,20,Other,Delhi,2023-11-29
S024,WD404,2024-02-08,160,99.1,3.0081967213114753,No Feedback,Student_24,20,Other,Delhi,2023-11-29
S024,UX303,2024-03-13,168,15.42,3.0081967213114753,No Feedback,Student_24,20,Other,Delhi,2023-11-29
S025,PY202,2024-03-21,64,33.82,3.0081967213114753,No Feedback,Student_25,22,Male,Bangalore,2023-12-26
S025,DM101,2024-01-21,71,25.64,3.0081967213114753,No Feedback,Student_25,22,Male,Bangalore,2023-12-26
S025,DM101,2024-01-21,10,46.77,3.0081967213114753,No Feedback,Student_25,22,Male,Bangalore,2023-12-26
S025,WD404,2024-02-07,18,30.83,3.0081967213114753,No Feedback,Student_25,22,Male,Bangalore,2023-12-26
S026,WD404,2024-01-10,69,93.15,3.0081967213114753,No Feedback,Student_26,24,Male,Chennai,2023-10-07
S026,PY202,2024-02-24,39,59.01,3.0081967213114753,No Feedback,Student_26,24,Male,Chennai,2023-10-07
S026,PY202,2024-02-04,46,16.43,3.0081967213114753,No Feedback,Student_26,24,Male,Chennai,2023-10-07
S026,PY202,2024-02-09,162,77.41,3.0081967213114753,No Feedback,Student_26,24,Male,Chennai,2023-10-07
S026,UX303,2024-02-26,41,52.18,3.0081967213114753,No Feedback,Student_26,24,Male,Chennai,2023-10-07
S026,UX303,2024-03-30,113,94.84,3.0081967213114753,No Feedback,Student_26,24,Male,Chennai,2023-10-07
S026,WD404,2024-02-26,30,63.82,3.0081967213114753,No Feedback,Student_26,24,Male,Chennai,2023-10-07
S027,UX303,2024-03-18,74,12.33,3.0081967213114753,No Feedback,Student_27,26,Other,Delhi,2023-08-03
S027,PY202,2024-03-27,157,62.84,3.0081967213114753,No Feedback,Student_27,26,Other,Delhi,2023-08-03
S027,DM101,2024-03-27,78,61.86,3.0081967213114753,No Feedback,Student_27,26,Other,Delhi,2023-08-03
S027,PY202,2024-03-01,142,68.64,3.0081967213114753,No Feedback,Student_27,26,Other,Delhi,2023-08-03
S027,UX303,2024-01-24,159,49.23,3.0081967213114753,No Feedback,Student_27,26,Other,Delhi,2023-08-03
S027,WD404,2024-01-12,130,41.32,3.0081967213114753,No Feedback,Student_27,26,Other,Delhi,2023-08-03
S027,UX303,2024-02-11,36,87.2,3.0081967213114753,No Feedback,Student_27,26,Other,Delhi,2023-08-03
S027,UX303,2024-02-22,136,35.94,3.0081967213114753,No Feedback,Student_27,26,Other,Delhi,2023-08-03
S027,WD404,2024-03-11,19,50.93,3.0081967213114753,No Feedback,Student_27,26,Other,Delhi,2023-08-03
S028,UX303,2024-02-11,39,97.32,3.0081967213114753,No Feedback,Student_28,24,Other,Delhi,2023-04-23
S028,WD404,2024-03-06,10,69.19,1.0,Very helpful,Student_28,24,Other,Delhi,2023-04-23
S028,WD404,2024-02-22,23,26.88,1.0,Very helpful,Student_28,24,Other,Delhi,2023-04-23
S028,UX303,2024-03-20,137,66.29,3.0081967213114753,No Feedback,Student_28,24,Other,Delhi,2023-04-23
S028,DM101,2024-01-27,78,59.43,3.0081967213114753,No Feedback,Student_28,24,Other,Delhi,2023-04-23
S028,UX303,2024-02-26,134,20.93,3.0081967213114753,No Feedback,Student_28,24,Other,Delhi,2023-04-23
S028,PY202,2024-03-31,50,37.97,3.0081967213114753,No Feedback,Student_28,24,Other,Delhi,2023-04-23
S028,DM101,2024-03-11,114,18.39,3.0081967213114753,No Feedback,Student_28,24,Other,Delhi,2023-04-23
S029,WD404,2024-01-16,175,84.89,3.0081967213114753,No Feedback,Student_29,21,Other,Mumbai,2023-08-18
S029,WD404,2024-02-07,140,73.49,3.0081967213114753,No Feedback,Student_29,21,Other,Mumbai,2023-08-18
S029,WD404,2024-03-02,130,31.94,3.0081967213114753,No Feedback,Student_29,21,Other,Mumbai,2023-08-18
S029,PY202,2024-02-19,58,92.97,3.0081967213114753,No Feedback,Student_29,21,Other,Mumbai,2023-08-18
S030,DM101,2024-02-05,116,40.59,4.0,Too fast-paced,Student_30,31,Female,Mumbai,2023-10-29
S030,UX303,2024-01-01,82,75.34,3.0081967213114753,No Feedback,Student_30,31,Female,Mumbai,2023-10-29
S030,WD404,2024-01-20,124,58.47,3.0081967213114753,No Feedback,Student_30,31,Female,Mumbai,2023-10-29
S030,UX303,2024-02-12,151,78.66,3.0081967213114753,No Feedback,Student_30,31,Female,Mumbai,2023-10-29
S030,WD404,2024-02-28,92,88.26,3.0081967213114753,No Feedback,Student_30,31,Female,Mumbai,2023-10-29
S031,WD404,2024-01-30,115,13.93,3.0081967213114753,No Feedback,Student_31,26,Female,Bangalore,2023-05-23
S031,WD404,2024-03-31,107,44.75,3.0081967213114753,No Feedback,Student_31,26,Female,Bangalore,2023-05-23
S031,PY202,2024-03-04,19,21.36,3.0081967213114753,No Feedback,Student_31,26,Female,Bangalore,2023-05-23
S031,UX303,2024-01-13,122,18.97,3.0081967213114753,No Feedback,Student_31,26,Female,Bangalore,2023-05-23
S031,WD404,2024-01-02,46,46.9,3.0081967213114753,No Feedback,Student_31,26,Female,Bangalore,2023-05-23
S031,PY202,2024-01-10,130,80.34,3.0081967213114753,No Feedback,Student_31,26,Female,Bangalore,2023-05-23
S032,UX303,2024-03-20,111,68.49,3.0081967213114753,No Feedback,Student_32,19,Female,Chennai,2023-01-04
S032,UX303,2024-03-27,146,44.2,3.0081967213114753,No Feedback,Student_32,19,Female,Chennai,2023-01-04
S032,UX303,2024-03-21,134,88.51,3.0081967213114753,No Feedback,Student_32,19,Female,Chennai,2023-01-04
S032,DM101,2024-03-20,27,31.13,3.0081967213114753,No Feedback,Student_32,19,Female,Chennai,2023-01-04
S032,UX303,2024-01-30,33,49.06,3.0081967213114753,No Feedback,Student_32,19,Female,Chennai,2023-01-04
S032,DM101,2024-03-22,35,49.93,3.0081967213114753,No Feedback,Student_32,19,Female,Chennai,2023-01-04
S032,UX303,2024-01-04,21,39.19,3.0081967213114753,No Feedback,Student_32,19,Female,Chennai,2023-01-04
S033,UX303,2024-02-15,105,48.76,3.0081967213114753,No Feedback,Student_33,32,Male,Mumbai,2023-03-23
S033,PY202,2024-03-08,115,60.93,3.0081967213114753,No Feedback,Student_33,32,Male,Mumbai,2023-03-23
S033,PY202,2024-01-22,54,17.11,3.0081967213114753,No Feedback,Student_33,32,Male,Mumbai,2023-03-23
S034,PY202,2024-03-04,159,22.88,1.0,Very helpful,Student_34,24,Female,Delhi,2023-12-24
S034,WD404,2024-03-22,75,51.36,3.0081967213114753,No Feedback,Student_34,24,Female,Delhi,2023-12-24
S034,DM101,2024-02-29,83,70.98,3.0081967213114753,No Feedback,Student_34,24,Female,Delhi,2023-12-24
S034,PY202,2024-01-10,123,95.07,1.0,Very helpful,Student_34,24,Female,Delhi,2023-12-24
S034,UX303,2024-03-22,118,72.13,3.0081967213114753,No Feedback,Student_34,24,Female,Delhi,2023-12-24
S034,WD404,2024-02-08,60,99.94,3.0081967213114753,No Feedback,Student_34,24,Female,Delhi,2023-12-24
S034,WD404,2024-01-14,70,44.32,3.0081967213114753,No Feedback,Student_34,24,Female,Delhi,2023-12-24
S034,UX303,2024-03-14,85,99.34,3.0081967213114753,No Feedback,Student_34,24,Female,Delhi,2023-12-24
S034,UX303,2024-01-03,178,45.62,3.0081967213114753,No Feedback,Student_34,24,Female,Delhi,2023-12-24
S035,DM101,2024-03-18,137,84.96,3.0081967213114753,No Feedback,Student_35,29,Male,Chennai,2023-08-05
S035,UX303,2024-01-30,165,82.17,3.0081967213114753,No Feedback,Student_35,29,Male,Chennai,2023-08-05
S035,PY202,2024-03-22,58,65.88,4.0,Very helpful,Student_35,29,Male,Chennai,2023-08-05
S036,DM101,2024-03-21,175,13.55,5.0,Excellent instructor,Student_36,25,Male,Chennai,2023-06-24
S036,WD404,2024-01-05,158,42.84,3.0081967213114753,No Feedback,Student_36,25,Male,Chennai,2023-06-24
S036,PY202,2024-01-12,85,39.4,3.0081967213114753,No Feedback,Student_36,25,Male,Chennai,2023-06-24
S036,WD404,2024-01-23,61,21.89,3.0081967213114753,No Feedback,Student_36,25,Male,Chennai,2023-06-24
S036,UX303,2024-03-08,138,92.21,3.0081967213114753,No Feedback,Student_36,25,Male,Chennai,2023-06-24
S037,UX303,2024-03-02,85,77.19,3.0,Too fast-paced,Student_37,32,Female,Delhi,2023-05-23
S037,UX303,2024-01-15,129,96.66,3.0,Too fast-paced,Student_37,32,Female,Delhi,2023-05-23
S037,PY202,2024-01-29,111,97.05,3.0081967213114753,No Feedback,Student_37,32,Female,Delhi,2023-05-23
S037,UX303,2024-01-12,111,11.25,3.0,Too fast-paced,Student_37,32,Female,Delhi,2023-05-23
S037,DM101,2024-02-28,104,70.55,3.0081967213114753,No Feedback,Student_37,32,Female,Delhi,2023-05-23
S038,WD404,2024-03-22,105,19.75,3.0,Great course!,Student_38,20,Female,Mumbai,2023-03-21
S038,PY202,2024-03-01,16,65.76,3.0081967213114753,No Feedback,Student_38,20,Female,Mumbai,2023-03-21
S038,UX303,2024-03-19,66,68.29,3.0081967213114753,No Feedback,Student_38,20,Female,Mumbai,2023-03-21
S038,WD404,2024-03-30,87,68.43,3.0,Great course!,Student_38,20,Female,Mumbai,2023-03-21
S038,DM101,2024-01-18,21,95.16,3.0081967213114753,No Feedback,Student_38,20,Female,Mumbai,2023-03-21
S038,UX303,2024-03-04,39,18.75,3.0081967213114753,No Feedback,Student_38,20,Female,Mumbai,2023-03-21
S038,PY202,2024-02-19,126,43.39,3.0081967213114753,No Feedback,Student_38,20,Female,Mumbai,2023-03-21
S039,PY202,2024-02-23,177,18.91,3.0081967213114753,No Feedback,Student_39,31,Female,Delhi,2023-04-21
S039,WD404,2024-03-19,114,94.51,3.0081967213114753,No Feedback,Student_39,31,Female,Delhi,2023-04-21
S039,UX303,2024-01-05,104,29.55,3.0081967213114753,No Feedback,Student_39,31,Female,Delhi,2023-04-21
S039,WD404,2024-01-31,102,18.94,3.0081967213114753,No Feedback,Student_39,31,Female,Delhi,2023-04-21
S039,UX303,2024-03-10,175,42.28,3.0081967213114753,No Feedback,Student_39,31,Female,Delhi,2023-04-21
S039,WD404,2024-02-05,58,97.14,3.0081967213114753,No Feedback,Student_39,31,Female,Delhi,2023-04-21
S039,WD404,2024-01-12,179,29.09,3.0081967213114753,No Feedback,Student_39,31,Female,Delhi,2023-04-21
S039,DM101,2024-01-07,95,31.92,5.0,Too fast-paced,Student_39,31,Female,Delhi,2023-04-21
S039,PY202,2024-03-13,62,16.17,3.0081967213114753,No Feedback,Student_39,31,Female,Delhi,2023-04-21
S040,PY202,2024-01-30,94,79.69,3.0081967213114753,No Feedback,Student_40,34,Other,Chennai,2023-06-22
S040,DM101,2024-02-05,47,98.88,5.0,Too fast-paced,Student_40,34,Other,Chennai,2023-06-22
S040,UX303,2024-01-23,38,69.5,3.0081967213114753,No Feedback,Student_40,34,Other,Chennai,2023-06-22
S040,DM101,2024-01-17,13,42.24,5.0,Too fast-paced,Student_40,34,Other,Chennai,2023-06-22
S040,PY202,2024-03-16,92,11.42,3.0081967213114753,No Feedback,Student_40,34,Other,Chennai,2023-06-22
S040,UX303,2024-01-07,42,76.75,3.0081967213114753,No Feedback,Student_40,34,Other,Chennai,2023-06-22
S041,DM101,2024-03-01,124,80.02,3.0081967213114753,No Feedback,Student_41,21,Female,Kolkata,2023-02-22
S041,DM101,2024-02-27,138,29.94,3.0081967213114753,No Feedback,Student_41,21,Female,Kolkata,2023-02-22
S041,DM101,2024-03-25,143,37.15,3.0081967213114753,No Feedback,Student_41,21,Female,Kolkata,2023-02-22
S041,DM101,2024-01-08,132,86.26,3.0081967213114753,No Feedback,Student_41,21,Female,Kolkata,2023-02-22
S042,DM101,2024-03-03,123,16.61,3.0081967213114753,No Feedback,Student_42,25,Other,Kolkata,2023-02-17
S042,DM101,2024-02-11,165,23.35,3.0081967213114753,No Feedback,Student_42,25,Other,Kolkata,2023-02-17
S042,PY202,2024-02-05,169,66.98,3.0081967213114753,No Feedback,Student_42,25,Other,Kolkata,2023-02-17
S042,UX303,2024-02-18,162,57.75,3.0081967213114753,No Feedback,Student_42,25,Other,Kolkata,2023-02-17
S042,WD404,2024-03-05,164,48.72,1.0,Could be better,Student_42,25,Other,Kolkata,2023-02-17
S042,DM101,2024-03-24,176,88.99,3.0081967213114753,No Feedback,Student_42,25,Other,Kolkata,2023-02-17
S042,PY202,2024-02-25,125,89.93,3.0081967213114753,No Feedback,Student_42,25,Other,Kolkata,2023-02-17
S042,WD404,2024-02-13,126,45.89,1.0,Could be better,Student_42,25,Other,Kolkata,2023-02-17
S042,DM101,2024-02-10,119,38.13,3.0081967213114753,No Feedback,Student_42,25,Other,Kolkata,2023-02-17
S043,UX303,2024-01-20,131,16.04,1.0,Great course!,Student_43,21,Male,Bangalore,2023-07-14
S043,DM101,2024-01-12,120,18.69,3.0081967213114753,No Feedback,Student_43,21,Male,Bangalore,2023-07-14
S043,UX303,2024-01-17,152,15.4,1.0,Great course!,Student_43,21,Male,Bangalore,2023-07-14
S043,UX303,2024-03-26,41,46.97,1.0,Great course!,Student_43,21,Male,Bangalore,2023-07-14
S043,WD404,2024-01-07,83,64.04,3.0081967213114753,No Feedback,Student_43,21,Male,Bangalore,2023-07-14
S043,UX303,2024-01-14,157,55.67,1.0,Great course!,Student_43,21,Male,Bangalore,2023-07-14
S043,PY202,2024-03-25,133,30.18,3.0081967213114753,No Feedback,Student_43,21,Male,Bangalore,2023-07-14
S044,UX303,2024-03-12,104,20.34,3.0081967213114753,No Feedback,Student_44,19,Other,Delhi,2023-02-19
S044,UX303,2024-03-14,67,82.65,3.0081967213114753,No Feedback,Student_44,19,Other,Delhi,2023-02-19
S044,DM101,2024-03-18,178,84.65,3.0081967213114753,No Feedback,Student_44,19,Other,Delhi,2023-02-19
S044,UX303,2024-01-04,56,34.59,3.0081967213114753,No Feedback,Student_44,19,Other,Delhi,2023-02-19
S045,UX303,2024-02-14,11,26.33,3.0081967213114753,No Feedback,Student_45,23,Female,Delhi,2023-07-03
S045,PY202,2024-03-13,178,46.07,1.0,Great course!,Student_45,23,Female,Delhi,2023-07-03
S045,PY202,2024-03-22,17,18.26,1.0,Great course!,Student_45,23,Female,Delhi,2023-07-03
S045,PY202,2024-02-18,117,50.83,1.0,Great course!,Student_45,23,Female,Delhi,2023-07-03
S045,PY202,2024-02-17,89,74.94,1.0,Great course!,Student_45,23,Female,Delhi,2023-07-03
S045,DM101,2024-01-07,49,24.17,3.0081967213114753,No Feedback,Student_45,23,Female,Delhi,2023-07-03
S045,DM101,2024-03-27,30,34.49,3.0081967213114753,No Feedback,Student_45,23,Female,Delhi,2023-07-03
S046,WD404,2024-03-18,123,47.28,4.0,Excellent instructor,Student_46,27,Male,Bangalore,2023-06-26
S046,PY202,2024-03-06,39,41.07,3.0081967213114753,No Feedback,Student_46,27,Male,Bangalore,2023-06-26
S046,DM101,2024-02-06,161,53.8,3.0081967213114753,No Feedback,Student_46,27,Male,Bangalore,2023-06-26
S046,UX303,2024-01-06,66,45.57,3.0081967213114753,No Feedback,Student_46,27,Male,Bangalore,2023-06-26
S046,DM101,2024-01-01,62,37.13,3.0081967213114753,No Feedback,Student_46,27,Male,Bangalore,2023-06-26
S046,PY202,2024-01-18,75,36.05,3.0081967213114753,No Feedback,Student_46,27,Male,Bangalore,2023-06-26
S046,DM101,2024-01-01,137,77.23,3.0081967213114753,No Feedback,Student_46,27,Male,Bangalore,2023-06-26
S046,PY202,2024-01-17,107,57.93,3.0081967213114753,No Feedback,Student_46,27,Male,Bangalore,2023-06-26
S046,PY202,2024-03-05,153,85.0,3.0081967213114753,No Feedback,Student_46,27,Male,Bangalore,2023-06-26
S047,DM101,2024-02-20,20,49.26,3.0081967213114753,No Feedback,Student_47,21,Male,Bangalore,2023-11-06
S047,WD404,2024-01-10,90,61.82,1.0,Too fast-paced,Student_47,21,Male,Bangalore,2023-11-06
S047,WD404,2024-03-31,173,47.59,1.0,Too fast-paced,Student_47,21,Male,Bangalore,2023-11-06
S047,DM101,2024-02-21,15,96.96,3.0081967213114753,No Feedback,Student_47,21,Male,Bangalore,2023-11-06
S047,PY202,2024-03-20,127,84.88,3.0081967213114753,No Feedback,Student_47,21,Male,Bangalore,2023-11-06
S047,UX303,2024-01-12,121,86.0,3.0081967213114753,No Feedback,Student_47,21,Male,Bangalore,2023-11-06
S047,PY202,2024-02-25,160,46.04,3.0081967213114753,No Feedback,Student_47,21,Male,Bangalore,2023-11-06
S047,DM101,2024-02-20,89,77.12,3.0081967213114753,No Feedback,Student_47,21,Male,Bangalore,2023-11-06
S048,UX303,2024-01-22,29,55.94,3.0081967213114753,No Feedback,Student_48,29,Male,Bangalore,2023-05-16
S048,DM101,2024-03-08,140,27.45,3.0081967213114753,No Feedback,Student_48,29,Male,Bangalore,2023-05-16
S048,UX303,2024-02-14,175,83.35,3.0081967213114753,No Feedback,Student_48,29,Male,Bangalore,2023-05-16
S048,PY202,2024-01-14,47,33.04,3.0081967213114753,No Feedback,Student_48,29,Male,Bangalore,2023-05-16
S048,PY202,2024-03-18,49,78.42,3.0081967213114753,No Feedback,Student_48,29,Male,Bangalore,2023-05-16
S048,DM101,2024-01-23,170,54.47,3.0081967213114753,No Feedback,Student_48,29,Male,Bangalore,2023-05-16
S049,UX303,2024-03-21,90,23.59,3.0081967213114753,No Feedback,Student_49,19,Other,Chennai,2023-01-23
S049,DM101,2024-03-01,123,66.82,5.0,Very helpful,Student_49,19,Other,Chennai,2023-01-23
S049,UX303,2024-03-16,24,41.67,3.0081967213114753,No Feedback,Student_49,19,Other,Chennai,2023-01-23
S049,DM101,2024-02-09,128,50.67,5.0,Very helpful,Student_49,19,Other,Chennai,2023-01-23
S049,DM101,2024-02-17,83,16.91,5.0,Very helpful,Student_49,19,Other,Chennai,2023-01-23
S049,DM101,2024-03-19,162,55.64,5.0,Very helpful,Student_49,19,Other,Chennai,2023-01-23
S049,WD404,2024-03-15,151,95.88,3.0081967213114753,No Feedback,Student_49,19,Other,Chennai,2023-01-23
S049,DM101,2024-02-27,156,68.67,5.0,Very helpful,Student_49,19,Other,Chennai,2023-01-23
S049,UX303,2024-03-18,131,55.12,3.0081967213114753,No Feedback,Student_49,19,Other,Chennai,2023-01-23
S049,DM101,2024-02-27,36,82.99,5.0,Very helpful,Student_49,19,Other,Chennai,2023-01-23
S050,DM101,2024-03-05,175,25.53,3.0081967213114753,No Feedback,Student_50,27,Female,Delhi,2023-08-24
S050,PY202,2024-03-31,122,99.19,3.0081967213114753,No Feedback,Student_50,27,Female,Delhi,2023-08-24
S050,PY202,2024-02-16,105,92.61,3.0081967213114753,No Feedback,Student_50,27,Female,Delhi,2023-08-24
S050,WD404,2024-02-22,96,71.1,1.0,Well structured,Student_50,27,Female,Delhi,2023-08-24
S050,DM101,2024-03-21,175,40.12,3.0081967213114753,No Feedback,Student_50,27,Female,Delhi,2023-08-24
S050,UX303,2024-01-13,152,71.05,3.0081967213114753,No Feedback,Student_50,27,Female,Delhi,2023-08-24
S050,UX303,2024-02-02,178,96.8,3.0081967213114753,No Feedback,Student_50,27,Female,Delhi,2023-08-24
S050,PY202,2024-02-12,30,62.45,3.0081967213114753,No Feedback,Student_50,27,Female,Delhi,2023-08-24
S051,UX303,2024-02-09,177,72.86,3.0081967213114753,No Feedback,Student_51,21,Male,Chennai,2023-10-02
S051,WD404,2024-01-17,162,73.8,3.0081967213114753,No Feedback,Student_51,21,Male,Chennai,2023-10-02
S051,DM101,2024-02-09,153,43.9,2.0,Could be better,Student_51,21,Male,Chennai,2023-10-02
S051,UX303,2024-01-17,144,18.41,3.0081967213114753,No Feedback,Student_51,21,Male,Chennai,2023-10-02
S051,WD404,2024-03-06,102,11.64,3.0081967213114753,No Feedback,Student_51,21,Male,Chennai,2023-10-02
S052,PY202,2024-01-28,97,95.29,3.0081967213114753,No Feedback,Student_52,31,Male,Bangalore,2023-03-05
S052,WD404,2024-01-25,67,100.0,5.0,Very helpful,Student_52,31,Male,Bangalore,2023-03-05
S052,PY202,2024-01-10,85,86.0,3.0081967213114753,No Feedback,Student_52,31,Male,Bangalore,2023-03-05
S052,DM101,2024-03-05,148,85.16,3.0081967213114753,No Feedback,Student_52,31,Male,Bangalore,2023-03-05
S052,DM101,2024-03-25,96,88.88,3.0081967213114753,No Feedback,Student_52,31,Male,Bangalore,2023-03-05
S052,PY202,2024-03-17,106,23.88,3.0081967213114753,No Feedback,Student_52,31,Male,Bangalore,2023-03-05
S052,PY202,2024-03-29,169,82.81,3.0081967213114753,No Feedback,Student_52,31,Male,Bangalore,2023-03-05
S053,WD404,2024-01-06,115,42.79,3.0081967213114753,No Feedback,Student_53,33,Male,Delhi,2023-07-13
S053,PY202,2024-02-26,166,35.64,2.0,Needs improvement,Student_53,33,Male,Delhi,2023-07-13
S053,WD404,2024-01-30,146,31.53,3.0081967213114753,No Feedback,Student_53,33,Male,Delhi,2023-07-13
S053,WD404,2024-01-25,104,71.05,3.0081967213114753,No Feedback,Student_53,33,Male,Delhi,2023-07-13
S053,WD404,2024-02-29,82,80.03,3.0081967213114753,No Feedback,Student_53,33,Male,Delhi,2023-07-13
S054,PY202,2024-01-26,164,22.46,3.0081967213114753,No Feedback,Student_54,32,Other,Chennai,2023-02-10
S054,UX303,2024-01-07,174,53.25,3.0081967213114753,No Feedback,Student_54,32,Other,Chennai,2023-02-10
S054,UX303,2024-03-11,36,74.03,3.0081967213114753,No Feedback,Student_54,32,Other,Chennai,2023-02-10
S054,DM101,2024-02-06,31,78.68,3.0081967213114753,No Feedback,Student_54,32,Other,Chennai,2023-02-10
S054,UX303,2024-02-27,141,23.26,3.0081967213114753,No Feedback,Student_54,32,Other,Chennai,2023-02-10
S054,WD404,2024-01-12,66,83.5,3.0081967213114753,No Feedback,Student_54,32,Other,Chennai,2023-02-10
S054,UX303,2024-01-04,116,14.79,3.0081967213114753,No Feedback,Student_54,32,Other,Chennai,2023-02-10
S054,UX303,2024-01-31,108,99.51,3.0081967213114753,No Feedback,Student_54,32,Other,Chennai,2023-02-10
S054,UX303,2024-01-29,17,38.68,3.0081967213114753,No Feedback,Student_54,32,Other,Chennai,2023-02-10
S055,UX303,2024-01-19,45,13.45,3.0081967213114753,No Feedback,Student_55,25,Other,Chennai,2023-10-10
S055,WD404,2024-03-30,45,78.3,3.0081967213114753,No Feedback,Student_55,25,Other,Chennai,2023-10-10
S055,WD404,2024-02-27,167,10.47,3.0081967213114753,No Feedback,Student_55,25,Other,Chennai,2023-10-10
S055,DM101,2024-01-03,75,29.41,3.0,Loved the examples,Student_55,25,Other,Chennai,2023-10-10
S056,WD404,2024-01-15,83,31.39,3.0081967213114753,No Feedback,Student_56,31,Female,Bangalore,2023-05-31
S056,DM101,2024-01-07,71,47.78,3.0081967213114753,No Feedback,Student_56,31,Female,Bangalore,2023-05-31
S056,WD404,2024-01-09,38,85.3,3.0081967213114753,No Feedback,Student_56,31,Female,Bangalore,2023-05-31
S056,WD404,2024-03-17,147,11.48,3.0081967213114753,No Feedback,Student_56,31,Female,Bangalore,2023-05-31
S056,PY202,2024-01-19,84,48.63,3.0081967213114753,No Feedback,Student_56,31,Female,Bangalore,2023-05-31
S057,PY202,2024-03-14,116,26.86,3.0081967213114753,No Feedback,Student_57,25,Other,Delhi,2023-11-18
S057,DM101,2024-03-08,102,16.09,3.0081967213114753,No Feedback,Student_57,25,Other,Delhi,2023-11-18
S057,DM101,2024-02-19,130,13.92,3.0081967213114753,No Feedback,Student_57,25,Other,Delhi,2023-11-18
S057,WD404,2024-02-17,74,77.26,3.0081967213114753,No Feedback,Student_57,25,Other,Delhi,2023-11-18
S057,UX303,2024-01-09,98,31.7,2.0,Too fast-paced,Student_57,25,Other,Delhi,2023-11-18
S057,DM101,2024-03-15,95,22.01,3.0081967213114753,No Feedback,Student_57,25,Other,Delhi,2023-11-18
S057,UX303,2024-03-10,96,83.22,2.0,Too fast-paced,Student_57,25,Other,Delhi,2023-11-18
S057,PY202,2024-03-28,128,98.27,3.0081967213114753,No Feedback,Student_57,25,Other,Delhi,2023-11-18
S058,PY202,2024-01-18,26,74.44,4.0,Could be better,Student_58,33,Male,Bangalore,2023-11-13
S058,WD404,2024-01-05,85,28.14,3.0081967213114753,No Feedback,Student_58,33,Male,Bangalore,2023-11-13
S058,PY202,2024-01-06,90,94.0,4.0,Could be better,Student_58,33,Male,Bangalore,2023-11-13
S058,WD404,2024-03-10,131,32.8,3.0081967213114753,No Feedback,Student_58,33,Male,Bangalore,2023-11-13
S058,PY202,2024-02-06,101,87.59,4.0,Could be better,Student_58,33,Male,Bangalore,2023-11-13
S058,DM101,2024-03-24,94,34.59,3.0081967213114753,No Feedback,Student_58,33,Male,Bangalore,2023-11-13
S058,UX303,2024-02-25,112,76.9,3.0081967213114753,No Feedback,Student_58,33,Male,Bangalore,2023-11-13
S058,WD404,2024-02-13,57,54.66,3.0081967213114753,No Feedback,Student_58,33,Male,Bangalore,2023-11-13
S058,WD404,2024-02-17,142,34.0,3.0081967213114753,No Feedback,Student_58,33,Male,Bangalore,2023-11-13
S058,DM101,2024-02-24,30,48.75,3.0081967213114753,No Feedback,Student_58,33,Male,Bangalore,2023-11-13
S059,UX303,2024-02-11,36,17.21,3.0081967213114753,No Feedback,Student_59,30,Female,Delhi,2023-07-05
S059,UX303,2024-02-09,124,64.24,3.0081967213114753,No Feedback,Student_59,30,Female,Delhi,2023-07-05
S059,WD404,2024-01-22,123,41.64,3.0081967213114753,No Feedback,Student_59,30,Female,Delhi,2023-07-05
S059,DM101,2024-02-15,167,99.83,1.0,Could be better,Student_59,30,Female,Delhi,2023-07-05
S059,UX303,2024-03-22,24,16.75,3.0081967213114753,No Feedback,Student_59,30,Female,Delhi,2023-07-05
S060,UX303,2024-03-06,50,95.75,3.0081967213114753,No Feedback,Student_60,32,Male,Kolkata,2023-10-23
S060,PY202,2024-03-18,122,13.13,3.0081967213114753,No Feedback,Student_60,32,Male,Kolkata,2023-10-23
S060,DM101,2024-01-31,175,42.97,3.0081967213114753,No Feedback,Student_60,32,Male,Kolkata,2023-10-23
S060,WD404,2024-03-13,18,64.46,3.0081967213114753,No Feedback,Student_60,32,Male,Kolkata,2023-10-23
S060,WD404,2024-02-17,105,49.95,3.0081967213114753,No Feedback,Student_60,32,Male,Kolkata,2023-10-23
S060,DM101,2024-03-14,45,57.65,3.0081967213114753,No Feedback,Student_60,32,Male,Kolkata,2023-10-23
S060,WD404,2024-02-10,176,35.08,3.0081967213114753,No Feedback,Student_60,32,Male,Kolkata,2023-10-23
S060,DM101,2024-01-04,57,54.91,3.0081967213114753,No Feedback,Student_60,32,Male,Kolkata,2023-10-23
S060,WD404,2024-03-12,40,33.56,3.0081967213114753,No Feedback,Student_60,32,Male,Kolkata,2023-10-23
S061,WD404,2024-01-28,166,35.7,3.0081967213114753,No Feedback,Student_61,30,Male,Mumbai,2023-04-09
S061,WD404,2024-01-26,41,22.22,3.0081967213114753,No Feedback,Student_61,30,Male,Mumbai,2023-04-09
S061,DM101,2024-02-27,54,90.88,2.0,Very helpful,Student_61,30,Male,Mumbai,2023-04-09
S061,WD404,2024-01-12,91,70.11,3.0081967213114753,No Feedback,Student_61,30,Male,Mumbai,2023-04-09
S061,DM101,2024-03-11,148,36.13,2.0,Very helpful,Student_61,30,Male,Mumbai,2023-04-09
S061,UX303,2024-01-21,173,25.67,3.0081967213114753,No Feedback,Student_61,30,Male,Mumbai,2023-04-09
S061,UX303,2024-03-06,67,20.92,3.0081967213114753,No Feedback,Student_61,30,Male,Mumbai,2023-04-09
S062,PY202,2024-01-31,136,12.37,4.0,Needs improvement,Student_62,26,Other,Mumbai,2023-12-27
S062,UX303,2024-02-29,151,21.68,3.0081967213114753,No Feedback,Student_62,26,Other,Mumbai,2023-12-27
S062,DM101,2024-01-09,89,45.83,3.0081967213114753,No Feedback,Student_62,26,Other,Mumbai,2023-12-27
S062,WD404,2024-03-08,115,79.22,3.0081967213114753,No Feedback,Student_62,26,Other,Mumbai,2023-12-27
S062,DM101,2024-01-17,91,67.81,3.0081967213114753,No Feedback,Student_62,26,Other,Mumbai,2023-12-27
S062,WD404,2024-02-29,142,41.01,3.0081967213114753,No Feedback,Student_62,26,Other,Mumbai,2023-12-27
S063,PY202,2024-02-25,138,91.96,2.0,Loved the examples,Student_63,32,Female,Mumbai,2023-02-05
S063,DM101,2024-01-16,142,23.77,3.0081967213114753,No Feedback,Student_63,32,Female,Mumbai,2023-02-05
S063,PY202,2024-01-21,92,94.13,2.0,Loved the examples,Student_63,32,Female,Mumbai,2023-02-05
S063,PY202,2024-02-14,142,90.54,2.0,Loved the examples,Student_63,32,Female,Mumbai,2023-02-05
S063,DM101,2024-02-02,60,67.16,3.0081967213114753,No Feedback,Student_63,32,Female,Mumbai,2023-02-05
S064,PY202,2024-03-21,87,65.3,3.0081967213114753,No Feedback,Student_64,30,Other,Bangalore,2023-01-24
S064,DM101,2024-03-05,174,25.18,3.0081967213114753,No Feedback,Student_64,30,Other,Bangalore,2023-01-24
S064,PY202,2024-01-22,178,66.2,3.0081967213114753,No Feedback,Student_64,30,Other,Bangalore,2023-01-24
S064,UX303,2024-03-13,20,84.27,3.0081967213114753,No Feedback,Student_64,30,Other,Bangalore,2023-01-24
S064,DM101,2024-01-11,21,95.37,3.0081967213114753,No Feedback,Student_64,30,Other,Bangalore,2023-01-24
S064,UX303,2024-03-24,63,79.03,3.0081967213114753,No Feedback,Student_64,30,Other,Bangalore,2023-01-24
S064,WD404,2024-03-20,173,12.73,4.0,Great course!,Student_64,30,Other,Bangalore,2023-01-24
S065,UX303,2024-03-02,72,82.42,3.0081967213114753,No Feedback,Student_65,18,Other,Kolkata,2023-12-05
S065,WD404,2024-02-08,126,16.57,3.0081967213114753,No Feedback,Student_65,18,Other,Kolkata,2023-12-05
S065,DM101,2024-01-21,122,47.41,4.0,Loved the examples,Student_65,18,Other,Kolkata,2023-12-05
S065,WD404,2024-01-27,97,64.6,3.0081967213114753,No Feedback,Student_65,18,Other,Kolkata,2023-12-05
S065,UX303,2024-02-10,98,97.78,3.0081967213114753,No Feedback,Student_65,18,Other,Kolkata,2023-12-05
S065,PY202,2024-02-17,141,60.55,3.0081967213114753,No Feedback,Student_65,18,Other,Kolkata,2023-12-05
S065,UX303,2024-01-31,129,21.03,3.0081967213114753,No Feedback,Student_65,18,Other,Kolkata,2023-12-05
S066,PY202,2024-01-19,34,14.55,3.0081967213114753,No Feedback,Student_66,24,Female,Delhi,2023-04-27
S066,WD404,2024-03-19,117,32.34,3.0081967213114753,No Feedback,Student_66,24,Female,Delhi,2023-04-27
S066,PY202,2024-02-11,157,74.9,3.0081967213114753,No Feedback,Student_66,24,Female,Delhi,2023-04-27
S066,PY202,2024-01-21,137,99.64,3.0081967213114753,No Feedback,Student_66,24,Female,Delhi,2023-04-27
S066,WD404,2024-03-04,88,54.76,3.0081967213114753,No Feedback,Student_66,24,Female,Delhi,2023-04-27
S066,DM101,2024-02-20,139,51.15,3.0081967213114753,No Feedback,Student_66,24,Female,Delhi,2023-04-27
S066,PY202,2024-01-28,159,41.76,3.0081967213114753,No Feedback,Student_66,24,Female,Delhi,2023-04-27
S066,DM101,2024-02-06,136,63.78,3.0081967213114753,No Feedback,Student_66,24,Female,Delhi,2023-04-27
S066,WD404,2024-02-06,147,10.74,3.0081967213114753,No Feedback,Student_66,24,Female,Delhi,2023-04-27
S066,DM101,2024-02-25,44,89.42,3.0081967213114753,No Feedback,Student_66,24,Female,Delhi,2023-04-27
S067,WD404,2024-02-16,21,46.05,3.0081967213114753,No Feedback,Student_67,26,Male,Chennai,2023-05-29
S067,PY202,2024-02-16,151,35.97,3.0081967213114753,No Feedback,Student_67,26,Male,Chennai,2023-05-29
S067,WD404,2024-03-05,125,78.8,3.0081967213114753,No Feedback,Student_67,26,Male,Chennai,2023-05-29
S067,UX303,2024-03-20,166,20.69,3.0081967213114753,No Feedback,Student_67,26,Male,Chennai,2023-05-29
S067,DM101,2024-02-20,105,81.54,5.0,Excellent instructor,Student_67,26,Male,Chennai,2023-05-29
S067,UX303,2024-03-12,103,77.95,3.0081967213114753,No Feedback,Student_67,26,Male,Chennai,2023-05-29
S067,PY202,2024-03-18,140,46.12,3.0081967213114753,No Feedback,Student_67,26,Male,Chennai,2023-05-29
S067,DM101,2024-01-06,19,22.33,5.0,Excellent instructor,Student_67,26,Male,Chennai,2023-05-29
S068,WD404,2024-03-07,126,23.4,3.0081967213114753,No Feedback,Student_68,18,Male,Delhi,2023-02-10
S068,PY202,2024-02-11,166,38.67,3.0081967213114753,No Feedback,Student_68,18,Male,Delhi,2023-02-10
S068,WD404,2024-03-19,86,63.44,3.0081967213114753,No Feedback,Student_68,18,Male,Delhi,2023-02-10
S068,WD404,2024-03-31,154,36.98,3.0081967213114753,No Feedback,Student_68,18,Male,Delhi,2023-02-10
S068,DM101,2024-02-17,94,70.64,3.0081967213114753,No Feedback,Student_68,18,Male,Delhi,2023-02-10
S068,WD404,2024-03-15,88,81.71,3.0081967213114753,No Feedback,Student_68,18,Male,Delhi,2023-02-10
S068,DM101,2024-03-17,131,33.9,3.0081967213114753,No Feedback,Student_68,18,Male,Delhi,2023-02-10
S068,PY202,2024-01-07,159,53.24,3.0081967213114753,No Feedback,Student_68,18,Male,Delhi,2023-02-10
S069,PY202,2024-03-28,72,12.84,3.0081967213114753,No Feedback,Student_69,29,Female,Chennai,2023-04-30
S069,DM101,2024-01-25,14,49.69,3.0081967213114753,No Feedback,Student_69,29,Female,Chennai,2023-04-30
S069,WD404,2024-01-20,115,72.15,3.0,Loved the examples,Student_69,29,Female,Chennai,2023-04-30
S069,WD404,2024-03-05,166,92.85,3.0,Loved the examples,Student_69,29,Female,Chennai,2023-04-30
S069,DM101,2024-03-31,45,56.68,3.0081967213114753,No Feedback,Student_69,29,Female,Chennai,2023-04-30
S069,UX303,2024-03-25,132,57.29,3.0081967213114753,No Feedback,Student_69,29,Female,Chennai,2023-04-30
S069,UX303,2024-01-23,127,92.09,3.0081967213114753,No Feedback,Student_69,29,Female,Chennai,2023-04-30
S069,UX303,2024-03-10,100,70.83,3.0081967213114753,No Feedback,Student_69,29,Female,Chennai,2023-04-30
S069,UX303,2024-03-19,133,27.3,3.0081967213114753,No Feedback,Student_69,29,Female,Chennai,2023-04-30
S070,UX303,2024-03-12,86,30.24,3.0081967213114753,No Feedback,Student_70,25,Male,Delhi,2023-02-21
S070,UX303,2024-02-06,63,72.12,3.0081967213114753,No Feedback,Student_70,25,Male,Delhi,2023-02-21
S070,WD404,2024-02-10,132,41.39,3.0081967213114753,No Feedback,Student_70,25,Male,Delhi,2023-02-21
S070,UX303,2024-02-06,41,61.61,3.0081967213114753,No Feedback,Student_70,25,Male,Delhi,2023-02-21
S070,WD404,2024-02-20,98,95.91,3.0081967213114753,No Feedback,Student_70,25,Male,Delhi,2023-02-21
S070,PY202,2024-02-07,20,35.89,3.0081967213114753,No Feedback,Student_70,25,Male,Delhi,2023-02-21
S071,UX303,2024-02-26,177,33.08,3.0081967213114753,No Feedback,Student_71,28,Female,Kolkata,2023-07-14
S071,WD404,2024-01-28,61,84.52,2.0,Too fast-paced,Student_71,28,Female,Kolkata,2023-07-14
S071,UX303,2024-03-12,79,22.35,3.0081967213114753,No Feedback,Student_71,28,Female,Kolkata,2023-07-14
S071,PY202,2024-02-01,22,70.29,3.0081967213114753,No Feedback,Student_71,28,Female,Kolkata,2023-07-14
S072,PY202,2024-01-07,35,47.2,3.0081967213114753,No Feedback,Student_72,34,Female,Chennai,2023-05-23
S072,WD404,2024-01-13,45,10.47,3.0081967213114753,No Feedback,Student_72,34,Female,Chennai,2023-05-23
S072,PY202,2024-02-22,177,94.15,3.0081967213114753,No Feedback,Student_72,34,Female,Chennai,2023-05-23
S072,WD404,2024-03-02,176,27.95,3.0081967213114753,No Feedback,Student_72,34,Female,Chennai,2023-05-23
S072,UX303,2024-02-11,83,68.13,5.0,Too fast-paced,Student_72,34,Female,Chennai,2023-05-23
S072,DM101,2024-03-24,156,30.9,3.0081967213114753,No Feedback,Student_72,34,Female,Chennai,2023-05-23
S073,PY202,2024-02-23,55,94.05,3.0081967213114753,No Feedback,Student_73,25,Other,Bangalore,2023-08-21
S073,DM101,2024-02-20,136,26.77,3.0081967213114753,No Feedback,Student_73,25,Other,Bangalore,2023-08-21
S073,UX303,2024-01-05,12,36.86,3.0081967213114753,No Feedback,Student_73,25,Other,Bangalore,2023-08-21
S074,UX303,2024-02-06,126,99.02,3.0081967213114753,No Feedback,Student_74,20,Female,Delhi,2023-11-22
S074,WD404,2024-01-18,139,52.12,3.0081967213114753,No Feedback,Student_74,20,Female,Delhi,2023-11-22
S074,PY202,2024-01-15,94,24.62,3.0081967213114753,No Feedback,Student_74,20,Female,Delhi,2023-11-22
S074,WD404,2024-03-23,75,74.67,3.0081967213114753,No Feedback,Student_74,20,Female,Delhi,2023-11-22
S075,UX303,2024-02-07,155,70.7,3.0081967213114753,No Feedback,Student_75,20,Other,Delhi,2023-07-06
S075,PY202,2024-01-23,166,87.05,3.0081967213114753,No Feedback,Student_75,20,Other,Delhi,2023-07-06
S075,WD404,2024-02-24,141,39.51,1.0,Well structured,Student_75,20,Other,Delhi,2023-07-06
S076,DM101,2024-01-24,45,52.97,3.0081967213114753,No Feedback,Student_76,18,Male,Chennai,2023-03-25
S076,PY202,2024-01-01,76,44.52,3.0081967213114753,No Feedback,Student_76,18,Male,Chennai,2023-03-25
S076,WD404,2024-02-04,94,37.18,5.0,Very helpful,Student_76,18,Male,Chennai,2023-03-25
S076,DM101,2024-02-03,177,42.36,3.0081967213114753,No Feedback,Student_76,18,Male,Chennai,2023-03-25
S076,PY202,2024-01-08,180,20.64,3.0081967213114753,No Feedback,Student_76,18,Male,Chennai,2023-03-25
S076,UX303,2024-01-21,113,71.75,3.0081967213114753,No Feedback,Student_76,18,Male,Chennai,2023-03-25
S076,UX303,2024-03-29,40,67.48,3.0081967213114753,No Feedback,Student_76,18,Male,Chennai,2023-03-25
S076,UX303,2024-02-17,167,29.88,3.0081967213114753,No Feedback,Student_76,18,Male,Chennai,2023-03-25
S076,PY202,2024-03-02,49,50.95,3.0081967213114753,No Feedback,Student_76,18,Male,Chennai,2023-03-25
S077,WD404,2024-03-30,150,92.15,3.0081967213114753,No Feedback,Student_77,22,Male,Bangalore,2023-07-09
S077,PY202,2024-02-01,162,88.58,5.0,Could be better,Student_77,22,Male,Bangalore,2023-07-09
S077,DM101,2024-03-08,124,57.54,3.0081967213114753,No Feedback,Student_77,22,Male,Bangalore,2023-07-09
S077,UX303,2024-01-10,154,20.1,3.0081967213114753,No Feedback,Student_77,22,Male,Bangalore,2023-07-09
S077,PY202,2024-03-14,147,23.49,5.0,Could be better,Student_77,22,Male,Bangalore,2023-07-09
S077,UX303,2024-03-07,123,20.46,3.0081967213114753,No Feedback,Student_77,22,Male,Bangalore,2023-07-09
S077,PY202,2024-03-15,135,18.18,5.0,Could be better,Student_77,22,Male,Bangalore,2023-07-09
S077,WD404,2024-01-08,126,21.87,3.0081967213114753,No Feedback,Student_77,22,Male,Bangalore,2023-07-09
S078,WD404,2024-03-13,24,60.29,3.0081967213114753,No Feedback,Student_78,27,Male,Bangalore,2023-07-01
S078,UX303,2024-01-03,111,32.9,5.0,Needs improvement,Student_78,27,Male,Bangalore,2023-07-01
S078,DM101,2024-01-28,158,16.57,3.0081967213114753,No Feedback,Student_78,27,Male,Bangalore,2023-07-01
S078,WD404,2024-02-14,26,58.7,3.0081967213114753,No Feedback,Student_78,27,Male,Bangalore,2023-07-01
S078,DM101,2024-01-09,130,12.86,3.0081967213114753,No Feedback,Student_78,27,Male,Bangalore,2023-07-01
S078,WD404,2024-01-24,44,78.92,3.0081967213114753,No Feedback,Student_78,27,Male,Bangalore,2023-07-01
S078,WD404,2024-02-17,107,50.37,3.0081967213114753,No Feedback,Student_78,27,Male,Bangalore,2023-07-01
S078,WD404,2024-02-18,30,71.45,3.0081967213114753,No Feedback,Student_78,27,Male,Bangalore,2023-07-01
S078,PY202,2024-03-24,99,20.68,3.0081967213114753,No Feedback,Student_78,27,Male,Bangalore,2023-07-01
S079,PY202,2024-01-29,10,78.06,3.0081967213114753,No Feedback,Student_79,24,Male,Kolkata,2023-04-18
S079,UX303,2024-02-29,149,48.17,3.0081967213114753,No Feedback,Student_79,24,Male,Kolkata,2023-04-18
S079,WD404,2024-01-30,73,51.46,3.0081967213114753,No Feedback,Student_79,24,Male,Kolkata,2023-04-18
S079,PY202,2024-02-05,58,94.37,3.0081967213114753,No Feedback,Student_79,24,Male,Kolkata,2023-04-18
S079,DM101,2024-01-05,179,47.73,3.0081967213114753,No Feedback,Student_79,24,Male,Kolkata,2023-04-18
S079,DM101,2024-01-31,62,16.06,3.0081967213114753,No Feedback,Student_79,24,Male,Kolkata,2023-04-18
S079,DM101,2024-02-27,163,70.48,3.0081967213114753,No Feedback,Student_79,24,Male,Kolkata,2023-04-18
S079,DM101,2024-02-01,21,46.2,3.0081967213114753,No Feedback,Student_79,24,Male,Kolkata,2023-04-18
S079,PY202,2024-03-10,65,77.89,3.0081967213114753,No Feedback,Student_79,24,Male,Kolkata,2023-04-18
S080,PY202,2024-03-05,84,31.07,3.0081967213114753,No Feedback,Student_80,26,Other,Bangalore,2023-12-10
S080,UX303,2024-03-14,163,79.53,3.0081967213114753,No Feedback,Student_80,26,Other,Bangalore,2023-12-10
S080,UX303,2024-01-31,87,88.86,3.0081967213114753,No Feedback,Student_80,26,Other,Bangalore,2023-12-10
S081,WD404,2024-02-08,80,15.49,3.0081967213114753,No Feedback,Student_81,24,Male,Bangalore,2023-05-17
S081,PY202,2024-03-21,119,60.03,3.0081967213114753,No Feedback,Student_81,24,Male,Bangalore,2023-05-17
S081,DM101,2024-02-14,174,70.42,4.0,Needs improvement,Student_81,24,Male,Bangalore,2023-05-17
S081,UX303,2024-03-30,116,46.74,3.0081967213114753,No Feedback,Student_81,24,Male,Bangalore,2023-05-17
S081,UX303,2024-02-18,57,77.9,3.0081967213114753,No Feedback,Student_81,24,Male,Bangalore,2023-05-17
S081,WD404,2024-01-31,67,37.07,3.0081967213114753,No Feedback,Student_81,24,Male,Bangalore,2023-05-17
S082,WD404,2024-01-08,153,47.14,2.0,Too fast-paced,Student_82,26,Female,Bangalore,2023-12-26
S082,WD404,2024-03-12,145,22.07,2.0,Too fast-paced,Student_82,26,Female,Bangalore,2023-12-26
S082,PY202,2024-02-02,62,39.72,3.0081967213114753,No Feedback,Student_82,26,Female,Bangalore,2023-12-26
S082,DM101,2024-02-27,104,18.32,3.0081967213114753,No Feedback,Student_82,26,Female,Bangalore,2023-12-26
S082,PY202,2024-01-07,78,43.95,3.0081967213114753,No Feedback,Student_82,26,Female,Bangalore,2023-12-26
S083,DM101,2024-01-25,160,75.19,5.0,Well structured,Student_83,25,Female,Mumbai,2023-12-16
S083,PY202,2024-03-02,63,88.25,3.0081967213114753,No Feedback,Student_83,25,Female,Mumbai,2023-12-16
S083,UX303,2024-02-08,13,29.06,3.0081967213114753,No Feedback,Student_83,25,Female,Mumbai,2023-12-16
S084,DM101,2024-03-02,72,72.61,3.0081967213114753,No Feedback,Student_84,29,Female,Kolkata,2023-11-28
S084,PY202,2024-02-20,71,59.69,3.0081967213114753,No Feedback,Student_84,29,Female,Kolkata,2023-11-28
S084,UX303,2024-02-18,129,58.03,3.0081967213114753,No Feedback,Student_84,29,Female,Kolkata,2023-11-28
S084,UX303,2024-02-09,76,42.37,3.0081967213114753,No Feedback,Student_84,29,Female,Kolkata,2023-11-28
S084,WD404,2024-02-29,35,82.25,3.0081967213114753,No Feedback,Student_84,29,Female,Kolkata,2023-11-28
S084,WD404,2024-02-10,62,43.36,3.0081967213114753,No Feedback,Student_84,29,Female,Kolkata,2023-11-28
S085,DM101,2024-03-13,66,76.71,3.0081967213114753,No Feedback,Student_85,19,Other,Delhi,2023-02-06
S085,DM101,2024-02-03,151,94.13,3.0081967213114753,No Feedback,Student_85,19,Other,Delhi,2023-02-06
S085,WD404,2024-02-07,49,27.66,3.0081967213114753,No Feedback,Student_85,19,Other,Delhi,2023-02-06
S085,PY202,2024-02-18,155,85.0,3.0081967213114753,No Feedback,Student_85,19,Other,Delhi,2023-02-06
S085,WD404,2024-03-11,177,94.91,3.0081967213114753,No Feedback,Student_85,19,Other,Delhi,2023-02-06
S085,UX303,2024-02-02,135,96.99,3.0081967213114753,No Feedback,Student_85,19,Other,Delhi,2023-02-06
S085,WD404,2024-02-28,53,75.95,3.0081967213114753,No Feedback,Student_85,19,Other,Delhi,2023-02-06
S085,UX303,2024-01-22,45,74.83,3.0081967213114753,No Feedback,Student_85,19,Other,Delhi,2023-02-06
S085,WD404,2024-01-24,148,99.13,3.0081967213114753,No Feedback,Student_85,19,Other,Delhi,2023-02-06
S086,DM101,2024-01-10,22,78.79,3.0081967213114753,No Feedback,Student_86,18,Male,Chennai,2023-11-08
S086,WD404,2024-01-18,171,30.83,3.0081967213114753,No Feedback,Student_86,18,Male,Chennai,2023-11-08
S086,PY202,2024-01-02,65,55.52,3.0081967213114753,No Feedback,Student_86,18,Male,Chennai,2023-11-08
S087,DM101,2024-03-20,173,70.01,1.0,Well structured,Student_87,33,Male,Delhi,2023-11-22
S087,WD404,2024-03-25,134,11.42,3.0081967213114753,No Feedback,Student_87,33,Male,Delhi,2023-11-22
S087,WD404,2024-01-02,14,57.65,3.0081967213114753,No Feedback,Student_87,33,Male,Delhi,2023-11-22
S087,UX303,2024-03-09,83,11.54,3.0081967213114753,No Feedback,Student_87,33,Male,Delhi,2023-11-22
S087,WD404,2024-01-23,37,92.62,3.0081967213114753,No Feedback,Student_87,33,Male,Delhi,2023-11-22
S087,PY202,2024-01-31,59,65.78,3.0081967213114753,No Feedback,Student_87,33,Male,Delhi,2023-11-22
S087,UX303,2024-02-15,78,81.54,3.0081967213114753,No Feedback,Student_87,33,Male,Delhi,2023-11-22
S087,DM101,2024-02-17,113,51.31,1.0,Well structured,Student_87,33,Male,Delhi,2023-11-22
S088,PY202,2024-02-08,30,68.84,3.0081967213114753,No Feedback,Student_88,22,Male,Kolkata,2023-03-29
S088,DM101,2024-01-12,113,44.13,1.0,Too fast-paced,Student_88,22,Male,Kolkata,2023-03-29
S088,WD404,2024-01-08,173,10.85,3.0081967213114753,No Feedback,Student_88,22,Male,Kolkata,2023-03-29
S088,PY202,2024-01-11,137,86.08,3.0081967213114753,No Feedback,Student_88,22,Male,Kolkata,2023-03-29
S088,UX303,2024-03-13,34,90.53,3.0081967213114753,No Feedback,Student_88,22,Male,Kolkata,2023-03-29
S088,DM101,2024-01-30,64,91.11,1.0,Too fast-paced,Student_88,22,Male,Kolkata,2023-03-29
S089,UX303,2024-01-06,29,71.6,3.0081967213114753,No Feedback,Student_89,20,Other,Chennai,2023-10-01
S089,UX303,2024-03-10,154,69.23,3.0081967213114753,No Feedback,Student_89,20,Other,Chennai,2023-10-01
S089,PY202,2024-02-10,14,96.53,4.0,Excellent instructor,Student_89,20,Other,Chennai,2023-10-01
S089,PY202,2024-02-20,29,36.93,4.0,Excellent instructor,Student_89,20,Other,Chennai,2023-10-01
S089,PY202,2024-03-13,109,70.93,4.0,Excellent instructor,Student_89,20,Other,Chennai,2023-10-01
S089,UX303,2024-02-19,45,81.14,3.0081967213114753,No Feedback,Student_89,20,Other,Chennai,2023-10-01
S089,DM101,2024-03-05,98,14.83,3.0081967213114753,No Feedback,Student_89,20,Other,Chennai,2023-10-01
S089,WD404,2024-01-30,29,40.65,3.0081967213114753,No Feedback,Student_89,20,Other,Chennai,2023-10-01
S089,WD404,2024-02-11,17,67.07,3.0081967213114753,No Feedback,Student_89,20,Other,Chennai,2023-10-01
S089,WD404,2024-03-03,68,42.02,3.0081967213114753,No Feedback,Student_89,20,Other,Chennai,2023-10-01
S090,WD404,2024-01-24,159,69.46,3.0081967213114753,No Feedback,Student_90,29,Female,Kolkata,2023-05-06
S090,DM101,2024-03-20,85,81.82,3.0,Well structured,Student_90,29,Female,Kolkata,2023-05-06
S090,DM101,2024-01-11,78,23.88,3.0,Well structured,Student_90,29,Female,Kolkata,2023-05-06
S090,PY202,2024-02-19,91,42.46,3.0081967213114753,No Feedback,Student_90,29,Female,Kolkata,2023-05-06
S090,DM101,2024-01-01,88,50.03,3.0,Well structured,Student_90,29,Female,Kolkata,2023-05-06
S090,UX303,2024-01-14,43,17.86,3.0081967213114753,No Feedback,Student_90,29,Female,Kolkata,2023-05-06
S090,WD404,2024-02-27,152,59.93,3.0081967213114753,No Feedback,Student_90,29,Female,Kolkata,2023-05-06
S090,WD404,2024-01-14,16,18.07,3.0081967213114753,No Feedback,Student_90,29,Female,Kolkata,2023-05-06
S090,DM101,2024-03-17,163,80.6,3.0,Well structured,Student_90,29,Female,Kolkata,2023-05-06
S091,DM101,2024-02-07,115,44.9,3.0,Very helpful,Student_91,25,Female,Bangalore,2023-03-25
S091,DM101,2024-03-12,72,61.48,3.0,Very helpful,Student_91,25,Female,Bangalore,2023-03-25
S091,PY202,2024-03-28,107,25.26,3.0081967213114753,No Feedback,Student_91,25,Female,Bangalore,2023-03-25
S091,UX303,2024-02-08,78,54.38,3.0081967213114753,No Feedback,Student_91,25,Female,Bangalore,2023-03-25
S091,DM101,2024-01-22,121,34.84,3.0,Very helpful,Student_91,25,Female,Bangalore,2023-03-25
S091,UX303,2024-03-02,29,42.5,3.0081967213114753,No Feedback,Student_91,25,Female,Bangalore,2023-03-25
S091,PY202,2024-03-21,136,63.44,3.0081967213114753,No Feedback,Student_91,25,Female,Bangalore,2023-03-25
S091,PY202,2024-02-28,37,22.19,3.0081967213114753,No Feedback,Student_91,25,Female,Bangalore,2023-03-25
S091,DM101,2024-02-20,95,85.75,3.0,Very helpful,Student_91,25,Female,Bangalore,2023-03-25
S092,UX303,2024-02-26,95,48.76,3.0081967213114753,No Feedback,Student_92,20,Male,Chennai,2023-08-25
S092,PY202,2024-02-08,92,64.29,3.0081967213114753,No Feedback,Student_92,20,Male,Chennai,2023-08-25
S092,PY202,2024-03-02,90,25.99,3.0081967213114753,No Feedback,Student_92,20,Male,Chennai,2023-08-25
S092,WD404,2024-02-10,84,76.14,3.0,Well structured,Student_92,20,Male,Chennai,2023-08-25
S092,WD404,2024-03-14,72,39.33,3.0,Well structured,Student_92,20,Male,Chennai,2023-08-25
S092,UX303,2024-02-20,103,20.25,3.0081967213114753,No Feedback,Student_92,20,Male,Chennai,2023-08-25
S092,PY202,2024-03-16,149,26.19,3.0081967213114753,No Feedback,Student_92,20,Male,Chennai,2023-08-25
S092,DM101,2024-02-29,63,49.46,3.0081967213114753,No Feedback,Student_92,20,Male,Chennai,2023-08-25
S092,UX303,2024-03-29,27,83.71,3.0081967213114753,No Feedback,Student_92,20,Male,Chennai,2023-08-25
S093,WD404,2024-01-18,172,37.25,3.0081967213114753,No Feedback,Student_93,18,Female,Bangalore,2023-07-14
S093,UX303,2024-03-25,49,74.37,3.0081967213114753,No Feedback,Student_93,18,Female,Bangalore,2023-07-14
S093,WD404,2024-01-10,124,99.16,3.0081967213114753,No Feedback,Student_93,18,Female,Bangalore,2023-07-14
S093,WD404,2024-03-15,112,58.09,3.0081967213114753,No Feedback,Student_93,18,Female,Bangalore,2023-07-14
S093,WD404,2024-03-10,19,81.16,3.0081967213114753,No Feedback,Student_93,18,Female,Bangalore,2023-07-14
S093,UX303,2024-03-30,147,63.44,3.0081967213114753,No Feedback,Student_93,18,Female,Bangalore,2023-07-14
S093,DM101,2024-01-14,73,69.18,1.0,Needs improvement,Student_93,18,Female,Bangalore,2023-07-14
S093,UX303,2024-01-22,175,65.14,3.0081967213114753,No Feedback,Student_93,18,Female,Bangalore,2023-07-14
S093,WD404,2024-02-12,120,19.54,3.0081967213114753,No Feedback,Student_93,18,Female,Bangalore,2023-07-14
S094,UX303,2024-01-29,140,77.22,3.0081967213114753,No Feedback,Student_94,20,Female,Delhi,2023-05-19
S094,PY202,2024-02-27,105,45.2,4.0,Well structured,Student_94,20,Female,Delhi,2023-05-19
S094,PY202,2024-02-14,16,53.45,4.0,Well structured,Student_94,20,Female,Delhi,2023-05-19
S094,UX303,2024-02-23,31,20.45,3.0081967213114753,No Feedback,Student_94,20,Female,Delhi,2023-05-19
S095,UX303,2024-02-09,97,50.98,3.0081967213114753,No Feedback,Student_95,22,Other,Delhi,2023-11-24
S095,PY202,2024-03-07,133,41.35,3.0081967213114753,No Feedback,Student_95,22,Other,Delhi,2023-11-24
S095,DM101,2024-02-26,125,38.7,3.0,Too fast-paced,Student_95,22,Other,Delhi,2023-11-24
S095,UX303,2024-01-06,39,12.03,3.0081967213114753,No Feedback,Student_95,22,Other,Delhi,2023-11-24
S095,UX303,2024-03-23,37,70.94,3.0081967213114753,No Feedback,Student_95,22,Other,Delhi,2023-11-24
S096,PY202,2024-03-07,54,59.67,3.0081967213114753,No Feedback,Student_96,32,Other,Chennai,2023-12-19
S096,UX303,2024-03-12,119,96.26,3.0081967213114753,No Feedback,Student_96,32,Other,Chennai,2023-12-19
S096,PY202,2024-02-21,171,26.6,3.0081967213114753,No Feedback,Student_96,32,Other,Chennai,2023-12-19
S096,WD404,2024-02-20,17,76.36,3.0081967213114753,No Feedback,Student_96,32,Other,Chennai,2023-12-19
S096,PY202,2024-02-27,161,48.66,3.0081967213114753,No Feedback,Student_96,32,Other,Chennai,2023-12-19
S097,PY202,2024-01-27,81,77.71,5.0,Loved the examples,Student_97,31,Other,Chennai,2023-10-13
S097,DM101,2024-03-14,36,81.96,3.0081967213114753,No Feedback,Student_97,31,Other,Chennai,2023-10-13
S097,PY202,2024-02-16,93,27.74,5.0,Loved the examples,Student_97,31,Other,Chennai,2023-10-13
S098,UX303,2024-03-26,135,57.49,3.0081967213114753,No Feedback,Student_98,20,Other,Kolkata,2023-04-23
S098,UX303,2024-03-17,109,65.02,3.0081967213114753,No Feedback,Student_98,20,Other,Kolkata,2023-04-23
S098,DM101,2024-02-14,100,86.1,3.0081967213114753,No Feedback,Student_98,20,Other,Kolkata,2023-04-23
S098,PY202,2024-03-27,86,92.68,3.0081967213114753,No Feedback,Student_98,20,Other,Kolkata,2023-04-23
S099,PY202,2024-02-10,40,31.47,3.0081967213114753,No Feedback,Student_99,18,Male,Kolkata,2023-12-17
S099,DM101,2024-01-24,105,72.41,3.0081967213114753,No Feedback,Student_99,18,Male,Kolkata,2023-12-17
S099,WD404,2024-02-23,162,22.41,5.0,Needs improvement,Student_99,18,Male,Kolkata,2023-12-17
S099,WD404,2024-02-24,57,53.8,5.0,Needs improvement,Student_99,18,Male,Kolkata,2023-12-17
S100,PY202,2024-03-03,83,22.63,3.0081967213114753,No Feedback,Student_100,22,Other,Bangalore,2023-06-16
S100,UX303,2024-02-27,168,14.83,3.0081967213114753,No Feedback,Student_100,22,Other,Bangalore,2023-06-16
S100,UX303,2024-01-02,134,22.29,3.0081967213114753,No Feedback,Student_100,22,Other,Bangalore,2023-06-16
S100,WD404,2024-03-12,139,68.78,3.0081967213114753,No Feedback,Student_100,22,Other,Bangalore,2023-06-16
S100,WD404,2024-03-28,135,47.41,3.0081967213114753,No Feedback,Student_100,22,Other,Bangalore,2023-06-16
